Date,Last7Average_Temp,Last7Average_Windspeed,Last7Total_Rainfall
2007-05-01,,0.0,
2007-05-02,67.5,0.0,9.4
2007-05-03,59.5,0.0,11.4
2007-05-04,58.6666666667,0.0,11.7833333333
2007-05-05,58.5,0.0,11.5375
2007-05-06,58.8,0.0,11.58
2007-05-07,58.9166666667,0.0,12.1083333333
2007-05-08,59.9285714286,0.0,11.8357142857
2007-05-09,60.1428571429,0.0,11.2928571429
2007-05-10,62.7142857143,0.075,10.2428571429
2007-05-11,64.6428571429,0.075,9.02142857143
2007-05-12,65.0714285714,0.075,9.31428571429
2007-05-13,64.4285714286,0.075,9.48571428571
2007-05-14,64.0,0.075,8.5
2007-05-15,64.9285714286,0.075,9.32142857143
2007-05-16,64.9285714286,0.565,10.1714285714
2007-05-17,62.8571428571,0.595,11.0214285714
2007-05-18,60.3571428571,0.595,12.1285714286
2007-05-19,59.7857142857,0.595,11.2214285714
2007-05-20,61.5714285714,0.595,11.0
2007-05-21,61.5714285714,0.685,11.3357142857
2007-05-22,60.1428571429,0.685,10.2
2007-05-23,60.6428571429,0.195,10.0357142857
2007-05-24,63.7142857143,0.09,9.96428571429
2007-05-25,67.0714285714,0.1,10.6071428571
2007-05-26,67.8571428571,0.145,10.8928571429
2007-05-27,66.5,0.79,10.3357142857
2007-05-28,67.9285714286,0.76,10.2142857143
2007-05-29,68.2857142857,0.76,9.82142857143
2007-05-30,68.7142857143,0.76,9.32857142857
2007-05-31,69.0,0.76,9.16428571429
2007-06-01,68.5,1.02,8.20714285714
2007-06-02,70.3571428571,1.175,7.86428571429
2007-06-03,72.5714285714,0.55,7.90714285714
2007-06-04,73.1428571429,0.655,7.56428571429
2007-06-05,73.0714285714,1.005,8.22857142857
2007-06-06,70.3571428571,1.35,8.35714285714
2007-06-07,67.6428571429,1.355,8.45
2007-06-08,68.8571428571,1.085,10.2142857143
2007-06-09,68.1428571429,0.885,11.2142857143
2007-06-10,67.1428571429,0.865,10.7928571429
2007-06-11,67.0,0.7,10.6142857143
2007-06-12,68.2857142857,0.35,10.2928571429
2007-06-13,70.7142857143,0.005,10.5142857143
2007-06-14,72.7857142857,0.0,10.1714285714
2007-06-15,72.2857142857,0.0,7.98571428571
2007-06-16,73.2857142857,0.0,6.75714285714
2007-06-17,75.1428571429,0.0,6.91428571429
2007-06-18,76.7857142857,0.08,6.98571428571
2007-06-19,77.7142857143,0.23,7.87142857143
2007-06-20,77.6428571429,0.985,8.15
2007-06-21,77.5714285714,0.985,8.1
2007-06-22,76.5714285714,0.99,8.60714285714
2007-06-23,75.3571428571,0.99,9.16428571429
2007-06-24,73.2142857143,1.185,9.53571428571
2007-06-25,71.6428571429,1.105,9.65
2007-06-26,71.2142857143,0.955,8.57857142857
2007-06-27,72.4285714286,0.28,8.04285714286
2007-06-28,73.4285714286,0.53,8.1
2007-06-29,72.7857142857,0.525,8.49285714286
2007-06-30,72.0,0.525,8.47142857143
2007-07-01,72.3571428571,0.33,8.10714285714
2007-07-02,71.9285714286,0.33,8.41428571429
2007-07-03,70.5,0.33,8.69285714286
2007-07-04,69.2142857143,0.495,8.65714285714
2007-07-05,68.6428571429,0.655,8.63571428571
2007-07-06,70.5,0.655,7.86428571429
2007-07-07,72.2857142857,0.655,7.47142857143
2007-07-08,73.7142857143,0.655,7.80714285714
2007-07-09,76.2142857143,0.655,8.34285714286
2007-07-10,78.4285714286,0.925,8.41428571429
2007-07-11,79.4285714286,0.935,8.84285714286
2007-07-12,78.5,0.525,9.20714285714
2007-07-13,77.2142857143,0.525,9.74285714286
2007-07-14,76.0,0.525,9.75
2007-07-15,75.4285714286,0.525,10.4928571429
2007-07-16,73.5714285714,0.525,9.46428571429
2007-07-17,72.3571428571,0.485,9.05
2007-07-18,71.8571428571,0.34,8.56428571429
2007-07-19,72.8571428571,1.575,8.46428571429
2007-07-20,73.2142857143,1.66,8.73571428571
2007-07-21,73.2142857143,1.66,9.41428571429
2007-07-22,72.2142857143,1.66,8.53571428571
2007-07-23,72.0714285714,1.66,8.20714285714
2007-07-24,71.8571428571,1.43,7.92857142857
2007-07-25,71.5714285714,1.32,7.65714285714
2007-07-26,71.6428571429,0.085,7.15
2007-07-27,71.8571428571,0.54,6.65
2007-07-28,73.2142857143,0.645,6.32142857143
2007-07-29,74.2857142857,0.645,6.75714285714
2007-07-30,74.9285714286,0.645,7.17142857143
2007-07-31,75.4285714286,0.645,7.24285714286
2007-08-01,76.2142857143,0.645,7.22857142857
2007-08-02,76.6428571429,0.645,6.81428571429
2007-08-03,77.6428571429,0.105,6.37142857143
2007-08-04,78.1428571429,0.0,6.05
2007-08-05,78.1428571429,0.025,5.46428571429
2007-08-06,78.5714285714,1.225,5.97857142857
2007-08-07,79.2142857143,1.38,6.02142857143
2007-08-08,79.6428571429,2.065,6.58571428571
2007-08-09,79.6428571429,2.14,6.97857142857
2007-08-10,79.2142857143,2.395,6.92142857143
2007-08-11,79.0,2.395,6.90714285714
2007-08-12,79.5714285714,2.37,6.55714285714
2007-08-13,79.5714285714,1.43,6.0
2007-08-14,78.6428571429,1.275,6.36428571429
2007-08-15,77.5714285714,1.02,6.30714285714
2007-08-16,77.0,1.475,6.27857142857
2007-08-17,76.0,1.22,6.21428571429
2007-08-18,74.9285714286,1.22,6.42142857143
2007-08-19,73.0,1.475,6.94285714286
2007-08-20,71.2142857143,2.545,7.15
2007-08-21,71.0,3.24,6.93571428571
2007-08-22,71.3571428571,2.815,6.57857142857
2007-08-23,71.8571428571,2.91,6.93571428571
2007-08-24,72.9285714286,5.065,7.60714285714
2007-08-25,73.4285714286,5.285,7.62142857143
2007-08-26,74.4285714286,5.325,7.4
2007-08-27,75.0714285714,3.995,7.05
2007-08-28,74.7857142857,3.3,7.27142857143
2007-08-29,75.0714285714,3.295,7.68571428571
2007-08-30,74.7142857143,2.67,7.62142857143
2007-08-31,73.0,0.515,7.62142857143
2007-09-01,71.8571428571,0.295,7.29285714286
2007-09-02,71.5714285714,0.0,7.10714285714
2007-09-03,72.0,0.0,7.17857142857
2007-09-04,72.8571428571,0.0,6.98571428571
2007-09-05,72.5714285714,0.0,6.37857142857
2007-09-06,72.9285714286,0.0,6.10714285714
2007-09-07,74.5714285714,0.13,6.41428571429
2007-09-08,76.0714285714,0.56,7.63571428571
2007-09-09,76.4285714286,0.56,8.15
2007-09-10,76.2142857143,0.56,8.85
2007-09-11,74.4285714286,0.865,9.32857142857
2007-09-12,72.0714285714,0.865,10.6071428571
2007-09-13,68.7142857143,0.865,10.4928571429
2007-09-14,66.7857142857,0.735,9.85714285714
2007-09-15,63.7857142857,0.305,9.82142857143
2007-09-16,60.7857142857,0.305,9.52857142857
2007-09-17,59.0714285714,0.305,9.15714285714
2007-09-18,59.5,0.0,9.47142857143
2007-09-19,61.7857142857,0.0,9.37857142857
2007-09-20,64.5,0.0,9.88571428571
2007-09-21,65.1428571429,0.0,9.63571428571
2007-09-22,68.1428571429,0.0,9.45714285714
2007-09-23,70.0,0.0,9.6
2007-09-24,71.2142857143,0.0,9.32142857143
2007-09-25,73.0714285714,0.0,9.27142857143
2007-09-26,72.7142857143,0.14,8.84285714286
2007-09-27,70.7142857143,0.255,8.5
2007-09-28,69.7142857143,0.255,8.47142857143
2007-09-29,67.6428571429,0.255,7.74285714286
2007-09-30,67.9285714286,0.255,8.03571428571
2007-10-01,68.5,0.395,9.18571428571
2007-10-02,66.2142857143,0.625,8.8
2007-10-03,65.4285714286,0.585,8.90714285714
2007-10-04,65.9285714286,0.47,8.92857142857
2007-10-05,66.7857142857,0.47,8.8
2007-10-06,68.5,0.5,8.82142857143
2007-10-07,70.3571428571,0.5,8.5
2007-10-08,71.2142857143,0.36,7.35714285714
2007-10-09,72.7142857143,0.13,7.57142857143
2007-10-10,71.9285714286,0.03,7.90714285714
2007-10-11,69.8571428571,0.03,9.04285714286
2007-10-12,67.3571428571,0.03,10.3214285714
2007-10-13,63.7857142857,0.0,10.0357142857
2007-10-14,59.7857142857,0.0,9.61428571429
2007-10-15,56.9285714286,0.08,9.67142857143
2007-10-16,55.5,0.135,9.13571428571
2007-10-17,55.1428571429,0.35,8.32857142857
2007-10-18,56.6428571429,0.425,7.52857142857
2007-10-19,59.2857142857,0.745,8.07857142857
2007-10-20,60.2142857143,0.75,9.84285714286
2007-10-21,61.5714285714,0.75,10.95
2007-10-22,63.2857142857,0.67,12.55
2007-10-23,62.2142857143,0.77,13.05
2007-10-24,60.7142857143,0.57,13.1428571429
2007-10-25,59.0,0.495,14.0642857143
2007-10-26,56.2857142857,0.175,13.5428571429
2007-10-27,56.7142857143,0.54,12.0714285714
2007-10-28,54.7857142857,0.585,11.7357142857
2007-10-29,51.2142857143,0.585,9.82857142857
2007-10-30,50.2142857143,0.43,9.84285714286
2007-10-31,50.7142857143,0.415,10.3642857143
2008-05-01,51.2142857143,0.415,10.1857142857
2008-05-02,52.7142857143,0.415,9.69285714286
2008-05-03,53.3571428571,1.055,10.6928571429
2008-05-04,53.7857142857,1.015,11.15
2008-05-05,54.8571428571,1.015,11.4071428571
2008-05-06,56.6428571429,1.015,10.9428571429
2008-05-07,58.2857142857,1.015,10.4071428571
2008-05-08,59.4285714286,1.75,9.98571428571
2008-05-09,58.2142857143,1.75,10.3928571429
2008-05-10,56.2142857143,0.74,9.37857142857
2008-05-11,56.2857142857,0.735,8.48571428571
2008-05-12,56.3571428571,1.94,10.1714285714
2008-05-13,54.2142857143,1.94,10.3285714286
2008-05-14,53.1428571429,2.14,11.3571428571
2008-05-15,52.2857142857,1.425,11.0071428571
2008-05-16,51.9285714286,1.425,10.1785714286
2008-05-17,52.9285714286,1.425,10.4857142857
2008-05-18,54.6428571429,1.615,11.6214285714
2008-05-19,54.2142857143,0.41,10.2357142857
2008-05-20,54.6428571429,0.41,9.98571428571
2008-05-21,54.5,0.21,9.02857142857
2008-05-22,54.5,0.19,8.99285714286
2008-05-23,54.7857142857,0.19,9.35
2008-05-24,54.2142857143,0.19,9.59285714286
2008-05-25,53.1428571429,0.0,8.66428571429
2008-05-26,55.0,0.0,9.25
2008-05-27,57.2857142857,0.24,10.1
2008-05-28,55.9285714286,0.24,11.5142857143
2008-05-29,55.7142857143,0.24,11.4571428571
2008-05-30,56.2857142857,0.285,10.5285714286
2008-05-31,58.2857142857,0.635,10.4928571429
2008-06-01,60.3571428571,0.635,11.0928571429
2008-06-02,60.5,0.635,10.1642857143
2008-06-03,61.2857142857,0.395,9.21428571429
2008-06-04,63.6428571429,1.115,7.72857142857
2008-06-05,65.7142857143,1.125,7.17857142857
2008-06-06,68.5714285714,1.51,8.59285714286
2008-06-07,70.4285714286,1.175,10.0142857143
2008-06-08,71.5714285714,1.265,10.1142857143
2008-06-09,73.2142857143,2.54,11.0
2008-06-10,72.9285714286,2.715,11.4285714286
2008-06-11,73.7142857143,2.0,11.7214285714
2008-06-12,74.7857142857,1.99,12.5
2008-06-13,75.6428571429,1.56,12.7571428571
2008-06-14,74.7857142857,1.835,11.3071428571
2008-06-15,74.0714285714,1.745,10.7714285714
2008-06-16,73.4285714286,0.705,10.4714285714
2008-06-17,72.9285714286,0.53,10.9142857143
2008-06-18,72.4285714286,0.525,11.0571428571
2008-06-19,71.2857142857,0.525,10.6571428571
2008-06-20,69.2142857143,0.525,9.16428571429
2008-06-21,68.7857142857,0.3,8.76428571429
2008-06-22,68.7857142857,0.31,8.52142857143
2008-06-23,68.7142857143,0.165,7.80714285714
2008-06-24,68.7857142857,0.165,7.1
2008-06-25,69.2857142857,0.165,6.32857142857
2008-06-26,70.1428571429,0.26,6.54285714286
2008-06-27,71.7142857143,0.26,6.87142857143
2008-06-28,72.4285714286,0.195,6.97142857143
2008-06-29,72.7142857143,0.205,7.9
2008-06-30,72.4285714286,0.515,8.63571428571
2008-07-01,72.8571428571,0.515,9.05714285714
2008-07-02,73.0714285714,0.515,9.42142857143
2008-07-03,73.4285714286,0.58,9.92857142857
2008-07-04,71.3571428571,0.58,10.6714285714
2008-07-05,69.8571428571,0.58,10.5
2008-07-06,68.8571428571,0.56,9.42857142857
2008-07-07,69.7142857143,0.16,9.32142857143
2008-07-08,71.1428571429,0.23,9.65
2008-07-09,72.1428571429,0.26,9.78571428571
2008-07-10,72.2142857143,0.1,9.39285714286
2008-07-11,73.5714285714,0.675,8.84285714286
2008-07-12,75.1428571429,0.86,8.97142857143
2008-07-13,76.0714285714,1.55,9.58571428571
2008-07-14,75.5,1.55,10.15
2008-07-15,74.5,1.48,9.55
2008-07-16,74.4285714286,1.45,9.37142857143
2008-07-17,75.2142857143,1.45,9.02857142857
2008-07-18,76.2857142857,0.875,9.06428571429
2008-07-19,76.9285714286,0.71,8.9
2008-07-20,76.9285714286,1.435,8.21428571429
2008-07-21,77.8571428571,2.02,7.25
2008-07-22,78.3571428571,2.15,7.28571428571
2008-07-23,77.3571428571,2.18,7.45
2008-07-24,75.8571428571,2.18,7.67857142857
2008-07-25,74.4285714286,2.18,7.02142857143
2008-07-26,73.3571428571,2.16,7.08571428571
2008-07-27,73.5714285714,0.745,7.45
2008-07-28,73.0,0.16,7.50714285714
2008-07-29,73.0,0.03,7.3
2008-07-30,74.1428571429,0.14,7.14285714286
2008-07-31,75.5714285714,0.14,7.17857142857
2008-08-01,76.9285714286,0.46,7.43571428571
2008-08-02,77.8571428571,0.985,7.06428571429
2008-08-03,77.5714285714,0.985,7.17857142857
2008-08-04,77.6428571429,0.985,7.10714285714
2008-08-05,78.0,2.495,7.50714285714
2008-08-06,78.0714285714,2.395,7.35714285714
2008-08-07,77.3571428571,2.4,7.12142857143
2008-08-08,76.2142857143,2.085,7.53571428571
2008-08-09,74.9285714286,1.56,7.87857142857
2008-08-10,74.5,1.56,7.89285714286
2008-08-11,73.5714285714,1.56,8.35
2008-08-12,72.0,0.05,7.94285714286
2008-08-13,70.6428571429,0.01,7.52142857143
2008-08-14,70.1428571429,0.035,7.15
2008-08-15,70.0,0.03,6.99285714286
2008-08-16,69.8571428571,0.03,7.2
2008-08-17,69.9285714286,0.03,6.79285714286
2008-08-18,70.9285714286,0.03,6.64285714286
2008-08-19,71.9285714286,0.03,6.78571428571
2008-08-20,72.5714285714,0.03,7.13571428571
2008-08-21,72.7142857143,0.0,7.51428571429
2008-08-22,73.2857142857,0.0,7.5
2008-08-23,74.5714285714,0.045,8.02142857143
2008-08-24,75.7142857143,0.045,8.45714285714
2008-08-25,75.2857142857,0.045,8.66428571429
2008-08-26,74.5,0.045,9.38571428571
2008-08-27,73.7142857143,0.045,9.75714285714
2008-08-28,73.4285714286,0.045,9.43571428571
2008-08-29,73.0714285714,0.085,9.22857142857
2008-08-30,72.5714285714,0.06,8.39285714286
2008-08-31,71.7142857143,0.06,7.53571428571
2008-09-01,72.4285714286,0.06,6.88571428571
2008-09-02,73.5,0.06,6.25
2008-09-03,75.2857142857,0.06,5.60714285714
2008-09-04,75.4285714286,0.07,6.45714285714
2008-09-05,74.2857142857,2.82,7.27142857143
2008-09-06,72.5714285714,2.805,7.2
2008-09-07,71.3571428571,2.81,7.47142857143
2008-09-08,69.8571428571,2.815,7.71428571429
2008-09-09,67.5714285714,3.935,7.53571428571
2008-09-10,64.4285714286,3.94,7.77857142857
2008-09-11,62.7142857143,3.93,6.88571428571
2008-09-12,63.0714285714,1.14,6.5
2008-09-13,64.1428571429,1.63,6.66428571429
2008-09-14,65.2857142857,6.48,7.23571428571
2008-09-15,65.2142857143,8.07,7.66428571429
2008-09-16,64.9285714286,6.955,7.61428571429
2008-09-17,65.1428571429,6.95,7.59285714286
2008-09-18,66.5714285714,6.95,7.95714285714
2008-09-19,66.4285714286,6.95,7.66428571429
2008-09-20,65.9285714286,6.455,7.58571428571
2008-09-21,65.5714285714,1.6,6.67142857143
2008-09-22,66.2142857143,0.005,5.8
2008-09-23,68.0714285714,0.0,6.00714285714
2008-09-24,69.7142857143,0.0,6.24285714286
2008-09-25,69.7857142857,0.1,5.84285714286
2008-09-26,70.4285714286,0.1,5.72857142857
2008-09-27,70.6428571429,0.1,5.45
2008-09-28,70.2857142857,0.1,5.43571428571
2008-09-29,69.5,0.1,5.96428571429
2008-09-30,67.7857142857,0.565,5.52857142857
2008-10-01,65.2857142857,0.57,5.93571428571
2008-10-02,62.8571428571,0.47,6.84285714286
2008-10-03,60.2142857143,0.47,7.25714285714
2008-10-04,57.9285714286,0.48,7.76428571429
2008-10-05,55.5,0.48,7.97142857143
2008-10-06,53.8571428571,0.525,7.87142857143
2008-10-07,54.2142857143,0.06,8.62857142857
2008-10-08,55.0714285714,0.885,8.71428571429
2008-10-09,55.5714285714,1.125,8.3
2008-10-10,56.4285714286,1.125,7.67857142857
2008-10-11,57.2142857143,1.115,7.45
2008-10-12,59.5,1.115,7.54285714286
2008-10-13,62.3571428571,1.07,7.37142857143
2008-10-14,63.5,1.07,7.15714285714
2008-10-15,63.7142857143,0.24,6.57142857143
2008-10-16,63.5,0.27,6.33571428571
2008-10-17,62.5,0.27,6.68571428571
2008-10-18,61.2857142857,0.27,6.8
2008-10-19,59.2857142857,0.365,6.9
2008-10-20,56.3571428571,0.365,7.75
2008-10-21,53.3571428571,0.61,7.62142857143
2008-10-22,51.2142857143,0.61,7.9
2008-10-23,49.7142857143,0.34,8.8
2008-10-24,49.5,0.465,9.30714285714
2008-10-25,49.5,0.94,9.20714285714
2008-10-26,48.8571428571,0.845,10.2142857143
2008-10-27,48.0714285714,0.85,11.1357142857
2008-10-28,46.7857142857,0.605,12.0857142857
2008-10-29,45.5714285714,0.605,12.3214285714
2008-10-30,45.0714285714,0.605,11.3642857143
2008-10-31,44.7857142857,0.48,11.1642857143
2009-05-01,46.1428571429,0.005,11.3285714286
2009-05-02,47.0,0.035,10.7285714286
2009-05-03,48.2142857143,0.03,9.47857142857
2009-05-04,50.6428571429,0.03,8.15
2009-05-05,53.5,0.03,7.77857142857
2009-05-06,56.2142857143,0.03,7.75
2009-05-07,58.5714285714,0.795,7.42857142857
2009-05-08,59.6428571429,0.905,7.72857142857
2009-05-09,61.2857142857,0.89,7.37142857143
2009-05-10,61.2857142857,0.89,7.68571428571
2009-05-11,60.8571428571,0.9,8.23571428571
2009-05-12,59.7142857143,0.9,7.74285714286
2009-05-13,59.0714285714,0.9,8.25714285714
2009-05-14,58.7857142857,0.925,9.39285714286
2009-05-15,58.0,0.815,9.57142857143
2009-05-16,56.9285714286,1.345,9.75
2009-05-17,56.8571428571,1.365,9.87857142857
2009-05-18,56.2857142857,1.355,9.54285714286
2009-05-19,56.8571428571,1.355,10.2785714286
2009-05-20,58.2857142857,1.355,10.7857142857
2009-05-21,59.7857142857,0.565,10.4642857143
2009-05-22,61.3571428571,0.565,10.5857142857
2009-05-23,61.9285714286,0.02,11.0642857143
2009-05-24,63.5714285714,0.0,10.0857142857
2009-05-25,65.3571428571,0.0,10.7357142857
2009-05-26,66.2142857143,0.06,10.8
2009-05-27,66.0,1.615,9.97142857143
2009-05-28,64.9285714286,1.625,9.17142857143
2009-05-29,63.0,1.625,8.65
2009-05-30,63.2857142857,1.625,8.10714285714
2009-05-31,63.2142857143,1.625,8.26428571429
2009-06-01,62.7857142857,1.625,7.48571428571
2009-06-02,63.5,2.2,7.54285714286
2009-06-03,62.0714285714,0.735,7.72857142857
2009-06-04,60.2857142857,0.725,8.2
2009-06-05,59.9285714286,0.725,7.90714285714
2009-06-06,59.7857142857,0.725,7.92142857143
2009-06-07,58.8571428571,0.735,8.02857142857
2009-06-08,59.4285714286,0.755,8.29285714286
2009-06-09,59.7142857143,0.495,8.15714285714
2009-06-10,60.6428571429,0.405,7.94285714286
2009-06-11,61.7857142857,0.43,7.64285714286
2009-06-12,62.0,1.005,8.14285714286
2009-06-13,61.7857142857,1.005,8.04285714286
2009-06-14,62.0714285714,1.315,8.0
2009-06-15,62.1428571429,1.295,7.70714285714
2009-06-16,62.2142857143,0.92,7.34285714286
2009-06-17,62.9285714286,2.07,7.93571428571
2009-06-18,63.7857142857,2.045,7.57857142857
2009-06-19,65.7142857143,1.585,7.17857142857
2009-06-20,67.8571428571,4.005,7.86428571429
2009-06-21,70.3571428571,3.685,8.07142857143
2009-06-22,72.2857142857,3.69,7.85
2009-06-23,73.9285714286,3.765,7.75714285714
2009-06-24,76.3571428571,2.615,6.72142857143
2009-06-25,78.7857142857,3.025,6.52142857143
2009-06-26,80.7142857143,2.91,6.22142857143
2009-06-27,81.0,0.49,5.8
2009-06-28,80.8571428571,0.665,5.55714285714
2009-06-29,80.5,0.66,7.04285714286
2009-06-30,79.2857142857,0.585,8.04285714286
2009-07-01,76.5,0.585,8.71428571429
2009-07-02,73.2142857143,0.185,9.14285714286
2009-07-03,70.5714285714,0.185,9.63571428571
2009-07-04,69.5,0.185,9.35714285714
2009-07-05,67.7142857143,0.17,8.97857142857
2009-07-06,67.0,0.21,7.32142857143
2009-07-07,67.3571428571,0.21,6.35714285714
2009-07-08,68.1428571429,0.21,6.15
2009-07-09,68.5714285714,0.315,6.02857142857
2009-07-10,69.1428571429,0.315,5.87142857143
2009-07-11,69.6428571429,0.415,5.67142857143
2009-07-12,71.1428571429,0.94,6.10714285714
2009-07-13,71.1428571429,0.9,6.52857142857
2009-07-14,70.7857142857,0.9,6.52142857143
2009-07-15,70.7857142857,0.9,6.57142857143
2009-07-16,72.5,1.285,7.41428571429
2009-07-17,72.8571428571,1.37,7.90714285714
2009-07-18,71.3571428571,1.27,8.74285714286
2009-07-19,69.9285714286,0.585,8.79285714286
2009-07-20,69.2142857143,0.585,8.62857142857
2009-07-21,68.6428571429,0.585,8.54285714286
2009-07-22,68.8571428571,0.605,8.32142857143
2009-07-23,68.2857142857,0.105,7.22857142857
2009-07-24,68.0714285714,0.07,6.50714285714
2009-07-25,69.2857142857,0.235,6.37857142857
2009-07-26,70.5,0.235,6.9
2009-07-27,71.5714285714,0.235,7.57142857143
2009-07-28,72.6428571429,0.26,8.12142857143
2009-07-29,73.3571428571,0.25,8.37857142857
2009-07-30,73.4285714286,0.25,8.61428571429
2009-07-31,73.3571428571,0.2,8.67142857143
2009-08-01,73.1428571429,0.035,8.28571428571
2009-08-02,72.3571428571,0.04,8.23571428571
2009-08-03,71.7142857143,0.04,8.23571428571
2009-08-04,72.0,0.08,8.52142857143
2009-08-05,72.1428571429,0.07,8.25714285714
2009-08-06,72.0,0.07,7.94285714286
2009-08-07,72.0714285714,0.07,7.87857142857
2009-08-08,71.9285714286,0.35,7.95
2009-08-09,73.4285714286,0.395,8.27142857143
2009-08-10,75.7142857143,0.495,8.78571428571
2009-08-11,76.0,0.43,8.24285714286
2009-08-12,75.3571428571,0.43,8.57857142857
2009-08-13,75.5,0.43,8.8
2009-08-14,75.8571428571,0.43,8.57857142857
2009-08-15,76.8571428571,0.15,8.37857142857
2009-08-16,76.8571428571,0.1,7.75
2009-08-17,76.2142857143,0.45,7.4
2009-08-18,76.0,0.91,7.2
2009-08-19,76.2857142857,0.91,7.17857142857
2009-08-20,76.2142857143,1.39,7.46428571429
2009-08-21,75.8571428571,1.485,8.70714285714
2009-08-22,74.3571428571,1.59,9.54285714286
2009-08-23,72.1428571429,1.59,9.7
2009-08-24,70.0714285714,1.14,9.25
2009-08-25,68.7142857143,0.68,9.07142857143
2009-08-26,68.2857142857,0.68,9.17142857143
2009-08-27,67.7142857143,0.935,9.04285714286
2009-08-28,66.7142857143,1.91,8.72142857143
2009-08-29,66.5,2.055,7.80714285714
2009-08-30,66.4285714286,2.07,8.02857142857
2009-08-31,65.5,2.07,8.44285714286
2009-09-01,64.2142857143,2.07,8.58571428571
2009-09-02,62.6428571429,2.07,7.80714285714
2009-09-03,61.8571428571,1.335,7.37142857143
2009-09-04,62.0714285714,0.265,6.74285714286
2009-09-05,62.2142857143,0.015,6.55714285714
2009-09-06,62.7857142857,0.0,5.71428571429
2009-09-07,64.4285714286,0.015,5.15
2009-09-08,65.9285714286,0.015,5.01428571429
2009-09-09,67.2142857143,0.015,5.61428571429
2009-09-10,68.6428571429,0.015,5.97857142857
2009-09-11,69.6428571429,0.015,6.13571428571
2009-09-12,70.3571428571,0.015,6.40714285714
2009-09-13,70.7142857143,0.015,6.27857142857
2009-09-14,70.4285714286,0.005,5.94285714286
2009-09-15,70.7857142857,0.005,5.50714285714
2009-09-16,71.2857142857,0.005,5.45
2009-09-17,70.3571428571,0.005,6.21428571429
2009-09-18,68.7857142857,0.005,5.89285714286
2009-09-19,68.0,0.005,5.95
2009-09-20,67.5714285714,0.005,6.12142857143
2009-09-21,66.8571428571,0.595,6.69285714286
2009-09-22,65.9285714286,0.595,7.07142857143
2009-09-23,65.3571428571,0.615,7.10714285714
2009-09-24,65.7857142857,0.615,5.95714285714
2009-09-25,66.7142857143,0.615,5.92142857143
2009-09-26,66.6428571429,0.705,5.95714285714
2009-09-27,65.9285714286,0.705,5.77857142857
2009-09-28,65.8571428571,0.39,6.15
2009-09-29,64.6428571429,0.395,8.35
2009-09-30,62.4285714286,0.375,8.74285714286
2009-10-01,60.4285714286,0.375,9.10714285714
2009-10-02,57.9285714286,1.115,9.75714285714
2009-10-03,56.0714285714,1.215,10.4714285714
2009-10-04,54.7857142857,1.285,11.0428571429
2009-10-05,53.3571428571,1.005,10.9071428571
2009-10-06,52.7857142857,1.0,8.69285714286
2009-10-07,53.0714285714,1.04,9.37142857143
2009-10-08,52.7857142857,1.04,9.87857142857
2009-10-09,52.6428571429,0.43,9.32142857143
2009-10-10,51.7857142857,0.685,9.07857142857
2009-10-11,50.0714285714,0.615,8.98571428571
2009-10-12,47.7857142857,0.615,8.36428571429
2009-10-13,46.7857142857,0.625,8.17857142857
2009-10-14,44.7857142857,0.585,7.55714285714
2009-10-15,43.6428571429,0.615,7.68571428571
2009-10-16,42.6428571429,0.795,8.30714285714
2009-10-17,42.1428571429,0.41,8.02857142857
2009-10-18,42.7857142857,0.415,8.02857142857
2009-10-19,43.5714285714,0.415,8.26428571429
2009-10-20,44.9285714286,0.405,9.33571428571
2009-10-21,47.0714285714,0.445,8.72142857143
2009-10-22,49.5714285714,0.42,8.72142857143
2009-10-23,51.0714285714,1.045,9.22857142857
2009-10-24,52.5,2.075,10.3214285714
2009-10-25,52.3571428571,2.115,10.5571428571
2009-10-26,53.9285714286,2.37,10.6357142857
2009-10-27,53.5714285714,2.49,10.0642857143
2009-10-28,52.5,2.56,10.1214285714
2009-10-29,51.2857142857,2.555,9.02142857143
2009-10-30,51.3571428571,2.445,8.87142857143
2009-10-31,52.0714285714,2.335,9.13571428571
2010-05-01,51.7142857143,2.295,9.57142857143
2010-05-02,53.3571428571,2.1,9.80714285714
2010-05-03,54.5714285714,2.6,9.71428571429
2010-05-04,56.3571428571,2.49,10.1
2010-05-05,58.0714285714,2.49,11.4928571429
2010-05-06,59.5714285714,1.665,11.55
2010-05-07,59.1428571429,0.715,10.4
2010-05-08,60.7142857143,1.44,10.5214285714
2010-05-09,58.0,1.43,11.3857142857
2010-05-10,56.0714285714,0.81,11.3357142857
2010-05-11,54.5,0.81,11.9285714286
2010-05-12,52.2142857143,1.655,11.4642857143
2010-05-13,50.0,1.785,11.1428571429
2010-05-14,51.1428571429,2.985,11.6071428571
2010-05-15,51.8571428571,2.255,11.3571428571
2010-05-16,52.9285714286,2.205,10.1142857143
2010-05-17,54.0,2.205,10.7785714286
2010-05-18,54.6428571429,2.265,10.1642857143
2010-05-19,55.5,1.42,10.1357142857
2010-05-20,57.0,1.29,9.65714285714
2010-05-21,56.8571428571,0.13,8.90714285714
2010-05-22,57.8571428571,0.435,8.12142857143
2010-05-23,59.5714285714,0.44,8.07142857143
2010-05-24,62.6428571429,0.44,7.95714285714
2010-05-25,66.4285714286,0.38,7.77857142857
2010-05-26,69.7142857143,0.38,7.49285714286
2010-05-27,72.2857142857,0.38,7.25
2010-05-28,73.4285714286,0.31,7.85714285714
2010-05-29,73.9285714286,0.005,8.30714285714
2010-05-30,75.0,0.0,8.3
2010-05-31,75.0714285714,0.0,7.72857142857
2010-06-01,74.0714285714,0.915,7.25714285714
2010-06-02,73.4285714286,0.915,6.98571428571
2010-06-03,72.0,2.075,7.59285714286
2010-06-04,71.2857142857,2.075,7.00714285714
2010-06-05,71.7142857143,2.075,6.97142857143
2010-06-06,71.2857142857,2.405,7.28571428571
2010-06-07,69.7857142857,2.405,7.97142857143
2010-06-08,68.0714285714,1.49,8.35
2010-06-09,66.4285714286,1.88,8.84285714286
2010-06-10,67.4285714286,0.72,9.04285714286
2010-06-11,67.9285714286,0.72,8.89285714286
2010-06-12,68.7142857143,0.935,9.06428571429
2010-06-13,68.7142857143,0.835,9.04285714286
2010-06-14,68.7857142857,1.085,8.18571428571
2010-06-15,69.2857142857,1.09,8.06428571429
2010-06-16,70.2857142857,1.435,7.55
2010-06-17,70.2857142857,1.435,7.37857142857
2010-06-18,71.2857142857,1.435,7.45
2010-06-19,71.6428571429,1.985,7.4
2010-06-20,72.5,1.755,7.87142857143
2010-06-21,73.4285714286,1.505,7.89285714286
2010-06-22,74.9285714286,1.81,8.05714285714
2010-06-23,76.0,1.075,8.22142857143
2010-06-24,76.4285714286,2.125,8.49285714286
2010-06-25,76.2857142857,2.125,8.66428571429
2010-06-26,75.5714285714,1.36,8.30714285714
2010-06-27,75.8571428571,2.135,7.70714285714
2010-06-28,76.7142857143,2.845,8.36428571429
2010-06-29,76.2857142857,2.535,8.90714285714
2010-06-30,74.8571428571,2.535,9.05
2010-07-01,73.2857142857,1.485,8.30714285714
2010-07-02,72.2857142857,1.485,7.92857142857
2010-07-03,72.0,1.485,8.0
2010-07-04,71.5714285714,0.71,8.26428571429
2010-07-05,71.7857142857,0.015,8.41428571429
2010-07-06,73.4285714286,0.015,8.81428571429
2010-07-07,75.5714285714,0.22,9.03571428571
2010-07-08,77.8571428571,0.345,8.97857142857
2010-07-09,79.8571428571,0.5,8.87857142857
2010-07-10,80.9285714286,0.5,8.73571428571
2010-07-11,81.5,0.505,8.57142857143
2010-07-12,80.7857142857,1.27,8.09285714286
2010-07-13,79.3571428571,1.275,6.65714285714
2010-07-14,78.6428571429,1.165,6.21428571429
2010-07-15,78.4285714286,1.04,6.75
2010-07-16,78.5714285714,0.89,7.48571428571
2010-07-17,78.5,0.89,7.62857142857
2010-07-18,78.9285714286,0.885,7.5
2010-07-19,79.8571428571,0.255,7.81428571429
2010-07-20,80.2142857143,0.255,7.90714285714
2010-07-21,80.1428571429,0.16,8.05714285714
2010-07-22,80.2857142857,0.16,7.61428571429
2010-07-23,80.0714285714,0.17,7.65
2010-07-24,80.5714285714,3.14,8.13571428571
2010-07-25,80.0,7.325,8.54285714286
2010-07-26,78.8571428571,7.435,8.53571428571
2010-07-27,78.2857142857,7.43,8.59285714286
2010-07-28,78.5714285714,7.43,8.45
2010-07-29,78.6428571429,7.43,8.80714285714
2010-07-30,77.8571428571,7.415,8.37142857143
2010-07-31,76.7857142857,4.445,7.59285714286
2010-08-01,76.0,0.9,6.99285714286
2010-08-02,76.1428571429,0.64,6.22142857143
2010-08-03,76.5714285714,0.68,6.39285714286
2010-08-04,76.1428571429,1.62,5.95
2010-08-05,75.2857142857,2.145,5.30714285714
2010-08-06,75.4285714286,2.145,5.72857142857
2010-08-07,75.1428571429,2.145,5.79285714286
2010-08-08,75.3571428571,1.505,6.14285714286
2010-08-09,75.7857142857,1.57,6.94285714286
2010-08-10,76.4285714286,1.605,6.98571428571
2010-08-11,77.3571428571,0.665,7.26428571429
2010-08-12,78.3571428571,0.14,7.57142857143
2010-08-13,79.2857142857,0.14,6.90714285714
2010-08-14,80.7142857143,0.595,7.17857142857
2010-08-15,81.5714285714,0.595,6.72857142857
2010-08-16,81.1428571429,0.53,6.65
2010-08-17,79.8571428571,0.455,7.05
2010-08-18,78.3571428571,0.485,7.14285714286
2010-08-19,77.0,0.53,6.67857142857
2010-08-20,76.2857142857,0.53,6.61428571429
2010-08-21,76.2857142857,0.09,6.97857142857
2010-08-22,76.1428571429,0.61,7.12142857143
2010-08-23,76.0,0.61,7.17142857143
2010-08-24,76.1428571429,0.61,6.9
2010-08-25,76.5,0.58,6.82857142857
2010-08-26,76.0,0.535,7.77857142857
2010-08-27,74.8571428571,0.535,7.83571428571
2010-08-28,73.3571428571,0.52,7.4
2010-08-29,73.0,0.0,7.92857142857
2010-08-30,74.2142857143,0.0,7.95
2010-08-31,75.3571428571,0.0,8.63571428571
2010-09-01,76.7142857143,0.0,9.78571428571
2010-09-02,77.5,0.155,9.35714285714
2010-09-03,78.2142857143,1.39,9.60714285714
2010-09-04,77.0,1.39,10.7642857143
2010-09-05,74.6428571429,1.39,11.1357142857
2010-09-06,71.9285714286,1.39,10.9857142857
2010-09-07,71.0714285714,1.39,11.2857142857
2010-09-08,68.9285714286,1.39,11.9142857143
2010-09-09,66.8571428571,1.235,11.9214285714
2010-09-10,64.7857142857,0.0,11.8214285714
2010-09-11,64.9285714286,0.0,11.0071428571
2010-09-12,65.9285714286,0.2,10.6142857143
2010-09-13,66.5714285714,0.2,10.55
2010-09-14,66.0,0.2,9.22857142857
2010-09-15,65.7142857143,0.2,7.40714285714
2010-09-16,66.5714285714,0.22,7.64285714286
2010-09-17,66.9285714286,0.315,8.42142857143
2010-09-18,66.5714285714,0.315,7.62857142857
2010-09-19,65.9285714286,0.4,7.30714285714
2010-09-20,64.9285714286,0.405,7.32142857143
2010-09-21,64.7142857143,0.405,7.52857142857
2010-09-22,66.2857142857,0.445,8.34285714286
2010-09-23,66.5714285714,0.425,7.88571428571
2010-09-24,68.7142857143,0.33,8.43571428571
2010-09-25,69.5,0.56,10.1928571429
2010-09-26,68.5714285714,0.275,10.5214285714
2010-09-27,67.7142857143,0.295,10.9214285714
2010-09-28,65.8571428571,0.3,10.4928571429
2010-09-29,63.0714285714,0.26,9.45714285714
2010-09-30,62.2142857143,0.26,9.45714285714
2010-10-01,60.2142857143,0.26,8.55714285714
2010-10-02,59.2857142857,0.08,6.97857142857
2010-10-03,58.5714285714,0.335,8.03571428571
2010-10-04,57.7142857143,0.355,8.06428571429
2010-10-05,56.7142857143,0.35,8.09285714286
2010-10-06,56.0,0.35,8.00714285714
2010-10-07,55.7857142857,0.35,8.29285714286
2010-10-08,55.7142857143,0.35,7.67142857143
2010-10-09,56.0714285714,0.3,7.85714285714
2010-10-10,59.0,0.045,6.04285714286
2010-10-11,62.1428571429,0.0,5.02142857143
2010-10-12,64.8571428571,0.0,5.04285714286
2010-10-13,66.4285714286,0.0,5.23571428571
2010-10-14,65.6428571429,0.18,5.35714285714
2010-10-15,64.5,0.18,5.82142857143
2010-10-16,63.1428571429,0.18,6.02857142857
2010-10-17,61.0714285714,0.18,6.62857142857
2010-10-18,58.8571428571,0.18,6.82142857143
2010-10-19,56.5714285714,0.18,7.07142857143
2010-10-20,54.5714285714,0.18,7.40714285714
2010-10-21,54.7142857143,0.0,7.93571428571
2010-10-22,53.7142857143,0.0,8.05
2010-10-23,53.0714285714,0.015,7.64285714286
2010-10-24,53.5714285714,0.17,8.03571428571
2010-10-25,54.7142857143,0.7,8.56428571429
2010-10-26,56.4285714286,0.705,9.37142857143
2010-10-27,58.1428571429,1.025,11.8071428571
2010-10-28,57.6428571429,1.025,13.3071428571
2010-10-29,56.9285714286,1.025,14.0571428571
2010-10-30,55.7142857143,1.01,14.3642857143
2010-10-31,54.5714285714,0.855,14.7142857143
2011-05-01,51.8571428571,0.325,14.6214285714
2011-05-02,50.7142857143,0.32,14.65
2011-05-03,49.1428571429,0.0,12.6571428571
2011-05-04,47.7857142857,0.0,10.5857142857
2011-05-05,48.4285714286,0.0,9.55714285714
2011-05-06,49.7142857143,0.08,10.0214285714
2011-05-07,50.2857142857,0.08,9.34285714286
2011-05-08,51.3571428571,0.08,9.2
2011-05-09,51.1428571429,0.08,8.59285714286
2011-05-10,52.5714285714,0.08,9.34285714286
2011-05-11,57.2142857143,0.08,9.40714285714
2011-05-12,61.3571428571,0.285,9.27142857143
2011-05-13,64.6428571429,0.36,8.77857142857
2011-05-14,65.4285714286,0.375,9.16428571429
2011-05-15,64.9285714286,0.745,10.5428571429
2011-05-16,63.4285714286,1.085,12.35
2011-05-17,61.2142857143,1.085,12.1857142857
2011-05-18,57.3571428571,1.085,12.8357142857
2011-05-19,54.2142857143,0.93,12.9142857143
2011-05-20,52.5,0.775,12.5785714286
2011-05-21,52.4285714286,0.76,11.8428571429
2011-05-22,54.5,0.395,10.6285714286
2011-05-23,58.9285714286,0.405,9.39285714286
2011-05-24,62.5714285714,0.405,9.09285714286
2011-05-25,63.7142857143,0.465,8.92142857143
2011-05-26,64.4285714286,2.485,9.47142857143
2011-05-27,62.2857142857,3.32,11.3214285714
2011-05-28,60.5714285714,3.325,11.6428571429
2011-05-29,59.7142857143,3.495,11.3142857143
2011-05-30,57.9285714286,4.545,10.55
2011-05-31,58.4285714286,4.545,10.5928571429
2011-06-01,61.2857142857,4.525,10.7714285714
2011-06-02,63.0,2.455,10.7857142857
2011-06-03,65.3571428571,1.63,9.52142857143
2011-06-04,68.5714285714,1.72,9.90714285714
2011-06-05,71.5714285714,1.885,10.2
2011-06-06,73.0714285714,0.49,10.0642857143
2011-06-07,73.4285714286,0.49,9.62857142857
2011-06-08,74.6428571429,0.45,9.22142857143
2011-06-09,76.0714285714,0.88,9.47142857143
2011-06-10,75.7142857143,2.42,9.86428571429
2011-06-11,74.0714285714,2.805,9.39285714286
2011-06-12,71.1428571429,2.53,9.02857142857
2011-06-13,68.8571428571,2.525,9.62857142857
2011-06-14,66.8571428571,2.525,9.5
2011-06-15,64.0,2.525,9.22857142857
2011-06-16,61.5714285714,2.915,9.00714285714
2011-06-17,63.1428571429,1.4,8.44285714286
2011-06-18,64.7857142857,0.92,8.25
2011-06-19,66.9285714286,0.855,8.34285714286
2011-06-20,69.1428571429,0.855,7.72142857143
2011-06-21,70.5714285714,1.56,7.8
2011-06-22,72.2857142857,1.825,8.3
2011-06-23,73.0714285714,1.025,8.61428571429
2011-06-24,72.5,1.02,9.3
2011-06-25,71.3571428571,1.02,9.69285714286
2011-06-26,70.8571428571,1.02,9.52142857143
2011-06-27,70.5,1.02,9.79285714286
2011-06-28,70.5,0.4,9.96428571429
2011-06-29,69.6428571429,0.135,9.55714285714
2011-06-30,69.7857142857,0.115,8.45
2011-07-01,71.0,0.1,8.00714285714
2011-07-02,73.3571428571,0.105,8.53571428571
2011-07-03,75.2857142857,0.105,8.92142857143
2011-07-04,76.2857142857,0.105,8.78571428571
2011-07-05,76.8571428571,0.02,7.98571428571
2011-07-06,77.9285714286,0.02,7.52857142857
2011-07-07,79.0,0.02,7.77857142857
2011-07-08,78.6428571429,0.04,7.3
2011-07-09,77.8571428571,0.035,6.35714285714
2011-07-10,77.0714285714,0.035,6.11428571429
2011-07-11,77.8571428571,0.035,6.52857142857
2011-07-12,78.2142857143,0.295,7.07857142857
2011-07-13,78.1428571429,0.305,7.28571428571
2011-07-14,76.8571428571,0.305,7.87857142857
2011-07-15,76.7142857143,0.27,8.12142857143
2011-07-16,77.2857142857,0.27,8.19285714286
2011-07-17,77.7857142857,0.27,7.80714285714
2011-07-18,77.8571428571,0.27,7.50714285714
2011-07-19,78.7857142857,0.015,7.93571428571
2011-07-20,79.7142857143,0.005,7.8
2011-07-21,82.2857142857,0.015,7.62142857143
2011-07-22,84.7142857143,0.025,7.77142857143
2011-07-23,84.7142857143,1.575,8.09285714286
2011-07-24,84.4285714286,5.025,8.32142857143
2011-07-25,83.9285714286,5.125,8.21428571429
2011-07-26,83.2142857143,5.125,7.50714285714
2011-07-27,82.0714285714,5.13,7.77142857143
2011-07-28,81.0714285714,5.475,7.68571428571
2011-07-29,79.7857142857,5.815,7.31428571429
2011-07-30,79.8571428571,4.795,6.85
2011-07-31,79.9285714286,1.345,6.60714285714
2011-08-01,80.0,1.245,6.45714285714
2011-08-02,80.2857142857,1.24,6.32857142857
2011-08-03,81.1428571429,1.59,6.40714285714
2011-08-04,81.0,1.235,6.32857142857
2011-08-05,80.4285714286,0.885,6.26428571429
2011-08-06,80.0,0.355,6.26428571429
2011-08-07,79.9285714286,0.79,6.32857142857
2011-08-08,79.5714285714,1.41,6.47142857143
2011-08-09,78.2857142857,1.87,6.55714285714
2011-08-10,76.7142857143,1.52,6.92142857143
2011-08-11,75.2857142857,1.52,6.80714285714
2011-08-12,74.3571428571,1.52,6.41428571429
2011-08-13,73.7857142857,1.52,6.8
2011-08-14,73.0714285714,1.925,7.28571428571
2011-08-15,71.7857142857,1.31,8.16428571429
2011-08-16,71.1428571429,0.85,8.02857142857
2011-08-17,71.1428571429,0.845,6.9
2011-08-18,71.7142857143,0.845,6.57857142857
2011-08-19,72.7142857143,0.845,6.80714285714
2011-08-20,73.2857142857,0.845,6.38571428571
2011-08-21,73.2142857143,0.755,5.94285714286
2011-08-22,73.7857142857,0.755,5.35714285714
2011-08-23,74.0,0.755,5.17857142857
2011-08-24,73.4285714286,1.28,6.06428571429
2011-08-25,74.5,1.28,6.74285714286
2011-08-26,74.0,1.28,7.02142857143
2011-08-27,73.2857142857,1.28,6.71428571429
2011-08-28,73.3571428571,0.53,7.44285714286
2011-08-29,72.7857142857,0.525,7.51428571429
2011-08-30,72.5,0.525,7.52142857143
2011-08-31,72.7142857143,0.03,7.07857142857
2011-09-01,72.0714285714,0.055,6.65
2011-09-02,73.4285714286,0.055,6.5
2011-09-03,75.4285714286,0.055,7.02142857143
2011-09-04,76.1428571429,0.14,6.55
2011-09-05,75.7857142857,0.14,6.97142857143
2011-09-06,74.3571428571,0.14,8.66428571429
2011-09-07,72.9285714286,0.11,9.47142857143
2011-09-08,70.9285714286,0.085,10.0714285714
2011-09-09,68.6428571429,0.115,11.2428571429
2011-09-10,66.0,0.18,11.4357142857
2011-09-11,64.2857142857,0.1,10.95
2011-09-12,64.9285714286,0.1,10.0357142857
2011-09-13,67.1428571429,0.1,9.23571428571
2011-09-14,67.9285714286,0.1,8.67142857143
2011-09-15,66.5714285714,0.18,7.99285714286
2011-09-16,64.3571428571,0.15,7.2
2011-09-17,62.3571428571,0.085,6.50714285714
2011-09-18,61.3571428571,0.08,7.46428571429
2011-09-19,59.8571428571,0.465,7.98571428571
2011-09-20,58.0,0.79,7.37142857143
2011-09-21,57.5714285714,0.795,7.15
2011-09-22,59.2142857143,0.715,7.62857142857
2011-09-23,60.1428571429,0.715,7.38571428571
2011-09-24,60.4285714286,0.725,7.84285714286
2011-09-25,60.0,0.83,7.22857142857
2011-09-26,59.7142857143,0.6,6.78571428571
2011-09-27,59.0714285714,1.33,7.94285714286
2011-09-28,58.5,1.605,8.08571428571
2011-09-29,57.6428571429,2.065,7.54285714286
2011-09-30,57.7142857143,2.14,8.40714285714
2011-10-01,57.2857142857,2.26,9.68571428571
2011-10-02,56.2142857143,2.155,10.5142857143
2011-10-03,55.5,2.0,10.4214285714
2011-10-04,55.5,0.945,9.08571428571
2011-10-05,55.6428571429,0.665,8.27142857143
2011-10-06,56.6428571429,0.205,7.72857142857
2011-10-07,57.9285714286,0.13,6.51428571429
2011-10-08,60.5714285714,0.0,5.31428571429
2011-10-09,63.5,0.0,4.81428571429
2011-10-10,65.4285714286,0.0,4.64285714286
2011-10-11,66.7142857143,0.0,4.87857142857
2011-10-12,67.8571428571,0.0,5.27142857143
2011-10-13,68.0714285714,0.0,5.9
2011-10-14,66.7857142857,0.385,6.17142857143
2011-10-15,64.5714285714,0.385,7.34285714286
2011-10-16,62.3571428571,0.385,8.47857142857
2011-10-17,60.5,0.53,9.12142857143
2011-10-18,58.0714285714,0.53,9.78571428571
2011-10-19,55.1428571429,0.57,10.2285714286
2011-10-20,52.2857142857,1.415,11.8714285714
2011-10-21,50.2857142857,1.105,13.1571428571
2011-10-22,49.0714285714,1.105,11.7428571429
2011-10-23,48.5714285714,1.105,10.1142857143
2011-10-24,48.5,1.17,9.91428571429
2011-10-25,49.1428571429,1.2,9.39285714286
2011-10-26,51.0714285714,1.235,9.89285714286
2011-10-27,51.5714285714,0.39,9.1
2011-10-28,51.7142857143,0.455,7.79285714286
2011-10-29,51.5,0.47,7.80714285714
2011-10-30,50.6428571429,0.47,7.97857142857
2011-10-31,49.5714285714,0.4,8.58571428571
2012-05-01,48.3571428571,0.37,8.26428571429
2012-05-02,47.8571428571,0.5,7.64285714286
2012-05-03,50.5,0.5,7.13571428571
2012-05-04,55.0,1.065,8.03571428571
2012-05-05,57.5714285714,1.33,8.6
2012-05-06,59.2857142857,1.33,9.02857142857
2012-05-07,61.6428571429,1.79,8.55714285714
2012-05-08,63.4285714286,2.32,8.6
2012-05-09,63.9285714286,2.12,8.87142857143
2012-05-10,61.7142857143,2.15,8.56428571429
2012-05-11,58.7142857143,1.445,7.71428571429
2012-05-12,58.5714285714,1.165,7.72142857143
2012-05-13,59.0,1.305,7.87142857143
2012-05-14,58.7857142857,0.705,7.95714285714
2012-05-15,59.4285714286,0.175,7.9
2012-05-16,60.8571428571,0.195,8.37142857143
2012-05-17,61.5,0.165,8.92142857143
2012-05-18,62.0714285714,0.165,8.81428571429
2012-05-19,63.2142857143,0.165,8.69285714286
2012-05-20,65.6428571429,0.025,8.66428571429
2012-05-21,68.2142857143,0.165,9.06428571429
2012-05-22,67.9285714286,0.165,10.2428571429
2012-05-23,66.3571428571,0.14,9.57857142857
2012-05-24,67.4285714286,0.14,8.89285714286
2012-05-25,70.0,0.14,10.3928571429
2012-05-26,70.5714285714,0.14,10.6214285714
2012-05-27,70.0,0.14,10.9642857143
2012-05-28,70.7857142857,0.0,10.8428571429
2012-05-29,74.2857142857,0.01,11.0357142857
2012-05-30,76.2857142857,0.01,11.65
2012-05-31,75.7142857143,0.01,12.1142857143
2012-06-01,71.9285714286,1.055,11.4785714286
2012-06-02,69.5,1.075,11.4714285714
2012-06-03,68.0,1.075,11.5071428571
2012-06-04,65.7142857143,1.075,11.3928571429
2012-06-05,63.1428571429,1.065,10.5642857143
2012-06-06,61.6428571429,1.065,10.25
2012-06-07,62.0714285714,1.065,9.71428571429
2012-06-08,64.2857142857,0.02,8.75
2012-06-09,66.4285714286,0.0,8.33571428571
2012-06-10,68.6428571429,0.0,8.15714285714
2012-06-11,70.4285714286,0.0,8.43571428571
2012-06-12,72.3571428571,0.0,8.78571428571
2012-06-13,73.2142857143,0.0,8.93571428571
2012-06-14,73.0714285714,0.0,9.17857142857
2012-06-15,73.8571428571,0.0,9.67142857143
2012-06-16,74.7857142857,0.0,9.91428571429
2012-06-17,75.3571428571,0.345,10.1642857143
2012-06-18,74.8571428571,0.475,9.57857142857
2012-06-19,75.0714285714,0.475,10.4571428571
2012-06-20,77.4285714286,0.475,11.0285714286
2012-06-21,80.5714285714,0.475,12.0642857143
2012-06-22,81.2857142857,0.495,12.1928571429
2012-06-23,80.7142857143,0.495,11.7428571429
2012-06-24,79.7142857143,0.15,10.7785714286
2012-06-25,80.1428571429,0.02,10.8
2012-06-26,78.2142857143,0.02,10.4571428571
2012-06-27,76.0714285714,0.02,9.18571428571
2012-06-28,74.7142857143,0.02,8.72857142857
2012-06-29,76.2857142857,0.1,8.75714285714
2012-06-30,76.9285714286,0.45,8.98571428571
2012-07-01,77.7142857143,0.45,9.23571428571
2012-07-02,77.5,0.73,8.93571428571
2012-07-03,79.9285714286,0.73,7.63571428571
2012-07-04,82.1428571429,0.73,8.23571428571
2012-07-05,84.2857142857,0.73,7.84285714286
2012-07-06,84.6428571429,0.77,7.47857142857
2012-07-07,86.7142857143,0.42,7.40714285714
2012-07-08,87.5,0.42,8.02857142857
2012-07-09,87.4285714286,0.14,9.0
2012-07-10,86.4285714286,0.14,9.15714285714
2012-07-11,84.9285714286,0.14,9.24285714286
2012-07-12,82.9285714286,0.14,9.12857142857
2012-07-13,81.3571428571,0.0,9.33571428571
2012-07-14,79.7857142857,0.14,9.23571428571
2012-07-15,78.9285714286,0.14,8.42142857143
2012-07-16,79.5714285714,0.14,7.67857142857
2012-07-17,80.7142857143,0.14,7.9
2012-07-18,82.6428571429,0.14,7.75714285714
2012-07-19,83.3571428571,0.84,7.8
2012-07-20,83.0,1.685,8.02142857143
2012-07-21,82.0,1.545,8.62142857143
2012-07-22,81.6428571429,1.545,8.47142857143
2012-07-23,81.3571428571,1.55,8.37857142857
2012-07-24,81.7857142857,1.555,8.7
2012-07-25,80.2142857143,2.01,8.41428571429
2012-07-26,80.8571428571,1.315,8.89285714286
2012-07-27,81.2142857143,0.86,8.70714285714
2012-07-28,81.5,0.88,8.44285714286
2012-07-29,81.2857142857,0.88,8.97857142857
2012-07-30,80.5714285714,0.875,8.88571428571
2012-07-31,79.5714285714,0.87,8.39285714286
2012-08-01,79.5,0.58,8.37857142857
2012-08-02,78.5,0.575,7.25
2012-08-03,78.6428571429,0.185,6.92142857143
2012-08-04,79.5,0.165,6.54285714286
2012-08-05,80.5,0.86,6.27142857143
2012-08-06,80.5714285714,0.86,6.68571428571
2012-08-07,79.5714285714,0.86,6.29285714286
2012-08-08,79.7142857143,0.695,6.33571428571
2012-08-09,79.6428571429,0.7,6.96428571429
2012-08-10,78.1428571429,0.725,7.35714285714
2012-08-11,76.0714285714,1.015,8.52857142857
2012-08-12,73.9285714286,0.32,8.78571428571
2012-08-13,72.6428571429,0.32,8.15
2012-08-14,71.3571428571,0.69,7.90714285714
2012-08-15,70.1428571429,0.695,7.44285714286
2012-08-16,69.7142857143,0.69,7.11428571429
2012-08-17,69.5714285714,1.015,7.21428571429
2012-08-18,69.3571428571,0.725,6.15714285714
2012-08-19,69.1428571429,0.725,5.65714285714
2012-08-20,69.5,0.725,5.60714285714
2012-08-21,69.5714285714,0.66,5.94285714286
2012-08-22,69.1428571429,0.655,5.95
2012-08-23,68.2857142857,0.655,5.87857142857
2012-08-24,69.6428571429,0.32,5.53571428571
2012-08-25,71.5,0.32,5.74285714286
2012-08-26,73.6428571429,0.32,6.21428571429
2012-08-27,74.2142857143,2.435,6.7
2012-08-28,75.7857142857,2.13,6.82857142857
2012-08-29,76.8571428571,2.13,6.95
2012-08-30,77.7142857143,2.13,6.91428571429
2012-08-31,77.6428571429,2.115,7.24285714286
2012-09-01,77.9285714286,2.115,7.51428571429
2012-09-02,76.9285714286,2.24,7.95714285714
2012-09-03,77.5,0.125,8.54285714286
2012-09-04,77.7857142857,0.125,8.42142857143
2012-09-05,78.2857142857,0.61,8.72142857143
2012-09-06,78.2142857143,0.775,8.89285714286
2012-09-07,78.0714285714,0.775,8.33571428571
2012-09-08,76.2142857143,0.905,8.18571428571
2012-09-09,74.7857142857,1.035,8.17857142857
2012-09-10,72.7857142857,1.035,7.9
2012-09-11,70.6428571429,1.035,7.97857142857
2012-09-12,69.4285714286,0.55,8.45714285714
2012-09-13,69.3571428571,0.385,8.91428571429
2012-09-14,67.3571428571,0.545,9.46428571429
2012-09-15,66.6428571429,0.415,9.11428571429
2012-09-16,66.8571428571,0.16,8.06428571429
2012-09-17,67.0,0.16,7.46428571429
2012-09-18,67.4285714286,0.375,7.93571428571
2012-09-19,65.4285714286,0.375,8.07857142857
2012-09-20,63.1428571429,0.375,8.82142857143
2012-09-21,63.0714285714,0.215,8.67857142857
2012-09-22,61.7857142857,0.355,8.65714285714
2012-09-23,59.9285714286,0.37,9.69285714286
2012-09-24,58.0714285714,0.37,9.85714285714
2012-09-25,56.2857142857,0.155,10.1928571429
2012-09-26,57.5,0.155,9.70714285714
2012-09-27,57.9285714286,0.155,8.96428571429
2012-09-28,57.1428571429,0.155,8.88571428571
2012-09-29,57.7142857143,0.015,9.17142857143
2012-09-30,59.2857142857,0.0,8.41428571429
2012-10-01,60.2857142857,0.0,8.71428571429
2012-10-02,60.5714285714,0.0,7.78571428571
2012-10-03,60.2857142857,0.0,8.11428571429
2012-10-04,60.4285714286,0.145,7.53571428571
2012-10-05,61.4285714286,0.255,8.11428571429
2012-10-06,59.5,0.255,8.27857142857
2012-10-07,56.4285714286,0.255,8.77857142857
2012-10-08,54.3571428571,0.255,8.6
2012-10-09,52.8571428571,0.255,9.67857142857
2012-10-10,51.7142857143,0.43,10.35
2012-10-11,49.0,0.285,11.2142857143
2012-10-12,47.2142857143,0.185,11.4142857143
2012-10-13,47.2142857143,0.185,11.4714285714
2012-10-14,49.2857142857,0.53,11.8571428571
2012-10-15,51.5714285714,1.185,13.0285714286
2012-10-16,52.2857142857,1.185,12.5071428571
2012-10-17,52.5,1.01,12.2214285714
2012-10-18,55.0,1.48,12.85
2012-10-19,54.7142857143,1.57,12.9857142857
2012-10-20,55.0714285714,1.655,12.5071428571
2012-10-21,54.0,1.31,11.8214285714
2012-10-22,53.1428571429,0.655,10.4714285714
2012-10-23,54.2142857143,1.2,10.1714285714
2012-10-24,55.3571428571,1.245,9.15
2012-10-25,56.4285714286,0.775,8.37142857143
2012-10-26,57.9285714286,0.965,8.67857142857
2012-10-27,57.3571428571,0.88,9.12142857143
2012-10-28,56.2142857143,0.88,9.65
2012-10-29,54.7857142857,0.88,10.8285714286
2012-10-30,52.6428571429,0.335,12.1142857143
2012-10-31,49.7857142857,0.29,13.9214285714
2013-05-01,45.9285714286,0.29,14.2357142857
2013-05-02,47.5714285714,0.0,13.0785714286
2013-05-03,48.2142857143,0.11,13.8642857143
2013-05-04,48.6428571429,0.145,13.9428571429
2013-05-05,50.9285714286,0.155,12.95
2013-05-06,53.0714285714,0.155,11.9928571429
2013-05-07,55.5,0.155,10.3857142857
2013-05-08,58.4285714286,0.155,9.37857142857
2013-05-09,57.1428571429,0.155,8.79285714286
2013-05-10,59.0,0.52,7.4
2013-05-11,59.2857142857,0.57,7.26428571429
2013-05-12,58.1428571429,0.56,7.92142857143
2013-05-13,56.2857142857,0.56,8.12857142857
2013-05-14,54.7142857143,0.56,7.89285714286
2013-05-15,56.1428571429,0.56,8.68571428571
2013-05-16,57.5,0.56,9.28571428571
2013-05-17,58.4285714286,0.085,9.21428571429
2013-05-18,61.0,0.0,8.65
2013-05-19,63.2857142857,0.0,7.91428571429
2013-05-20,67.1428571429,0.0,7.55
2013-05-21,71.1428571429,1.17,8.68571428571
2013-05-22,71.2857142857,1.55,8.80714285714
2013-05-23,70.0714285714,2.55,8.72142857143
2013-05-24,67.2857142857,2.64,10.3357142857
2013-05-25,65.1428571429,2.64,10.6357142857
2013-05-26,62.7142857143,2.64,10.3
2013-05-27,60.2857142857,2.65,10.1142857143
2013-05-28,57.6428571429,1.69,9.35
2013-05-29,56.7142857143,2.51,9.03571428571
2013-05-30,58.2142857143,1.525,9.12142857143
2013-05-31,61.8571428571,1.735,8.80714285714
2013-06-01,65.0,2.0,9.35714285714
2013-06-02,67.6428571429,2.5,10.5071428571
2013-06-03,67.2857142857,2.5,10.5642857143
2013-06-04,66.7857142857,2.29,9.95
2013-06-05,65.9285714286,1.09,9.41428571429
2013-06-06,64.5714285714,1.08,9.31428571429
2013-06-07,62.3571428571,0.885,8.61428571429
2013-06-08,60.7857142857,0.62,8.20714285714
2013-06-09,59.6428571429,0.12,7.21428571429
2013-06-10,61.8571428571,0.12,7.45714285714
2013-06-11,63.5714285714,0.675,7.45
2013-06-12,65.1428571429,0.795,7.13571428571
2013-06-13,66.6428571429,1.29,6.94285714286
2013-06-14,67.6428571429,1.185,7.42142857143
2013-06-15,68.5714285714,1.185,7.17857142857
2013-06-16,69.7142857143,1.33,7.45714285714
2013-06-17,70.7857142857,1.32,7.55714285714
2013-06-18,71.7142857143,0.83,8.11428571429
2013-06-19,70.5714285714,0.715,9.21428571429
2013-06-20,69.0714285714,0.215,9.23571428571
2013-06-21,70.0,0.215,8.35714285714
2013-06-22,71.3571428571,0.665,8.6
2013-06-23,72.1428571429,0.54,8.69285714286
2013-06-24,72.2857142857,0.96,8.85714285714
2013-06-25,72.7142857143,1.055,9.17857142857
2013-06-26,74.6428571429,1.065,8.57142857143
2013-06-27,75.9285714286,1.9,8.73571428571
2013-06-28,76.7142857143,2.655,8.8
2013-06-29,76.5714285714,2.285,8.91428571429
2013-06-30,75.5,2.265,9.49285714286
2013-07-01,74.3571428571,1.845,10.0
2013-07-02,72.9285714286,1.685,10.35
2013-07-03,71.0714285714,1.67,10.9214285714
2013-07-04,70.0714285714,0.88,10.4285714286
2013-07-05,69.0714285714,0.125,10.3428571429
2013-07-06,68.8571428571,0.045,9.62857142857
2013-07-07,69.9285714286,0.045,8.63571428571
2013-07-08,71.2857142857,0.045,7.7
2013-07-09,72.8571428571,0.715,7.2
2013-07-10,75.0,0.72,6.70714285714
2013-07-11,76.3571428571,0.675,7.19285714286
2013-07-12,76.5714285714,0.675,7.34285714286
2013-07-13,76.1428571429,0.675,7.30714285714
2013-07-14,75.9285714286,0.675,7.60714285714
2013-07-15,76.0714285714,0.675,7.68571428571
2013-07-16,76.5,0.06,7.14285714286
2013-07-17,77.1428571429,0.06,6.96428571429
2013-07-18,78.4285714286,0.06,6.8
2013-07-19,80.5,0.06,6.98571428571
2013-07-20,82.5,0.35,8.25
2013-07-21,83.3571428571,0.385,8.25714285714
2013-07-22,83.2142857143,0.39,8.15
2013-07-23,83.0,0.335,8.4
2013-07-24,81.2857142857,0.345,8.99285714286
2013-07-25,78.6428571429,0.345,9.32142857143
2013-07-26,76.1428571429,0.345,8.71428571429
2013-07-27,73.7142857143,0.255,8.05714285714
2013-07-28,71.0714285714,0.22,8.57142857143
2013-07-29,68.6428571429,0.215,8.87857142857
2013-07-30,66.7857142857,0.215,8.87142857143
2013-07-31,66.0714285714,0.22,8.03571428571
2013-08-01,66.4285714286,0.56,7.32142857143
2013-08-02,66.7142857143,0.56,7.74285714286
2013-08-03,67.6428571429,0.88,7.54285714286
2013-08-04,69.2857142857,0.88,7.06428571429
2013-08-05,70.0,0.88,6.76428571429
2013-08-06,70.2142857143,0.925,6.82142857143
2013-08-07,71.5,0.925,7.3
2013-08-08,72.9285714286,0.59,8.14285714286
2013-08-09,73.1428571429,0.59,8.51428571429
2013-08-10,72.7857142857,0.07,8.15714285714
2013-08-11,72.9285714286,0.07,8.06428571429
2013-08-12,73.6428571429,0.075,7.61428571429
2013-08-13,74.7142857143,0.495,7.59285714286
2013-08-14,73.2142857143,0.475,7.88571428571
2013-08-15,71.0714285714,0.47,7.43571428571
2013-08-16,70.0,0.47,6.70714285714
2013-08-17,69.6428571429,0.47,6.71428571429
2013-08-18,69.0,0.47,6.62857142857
2013-08-19,68.7857142857,0.465,6.71428571429
2013-08-20,68.3571428571,0.0,6.33571428571
2013-08-21,70.0714285714,0.0,5.90714285714
2013-08-22,72.2857142857,0.03,6.20714285714
2013-08-23,73.3571428571,0.325,6.5
2013-08-24,73.7857142857,0.325,6.77142857143
2013-08-25,74.4285714286,0.325,6.72142857143
2013-08-26,75.4285714286,0.325,7.44285714286
2013-08-27,76.5714285714,0.325,8.08571428571
2013-08-28,77.9285714286,0.325,8.74285714286
2013-08-29,77.5,0.295,8.72142857143
2013-08-30,78.2142857143,0.0,8.38571428571
2013-08-31,79.6428571429,0.415,8.47857142857
2013-09-01,79.7142857143,0.93,8.63571428571
2013-09-02,79.3571428571,1.01,8.01428571429
2013-09-03,77.7857142857,1.01,7.94285714286
2013-09-04,74.9285714286,1.01,6.92142857143
2013-09-05,74.2142857143,1.01,6.62142857143
2013-09-06,72.8571428571,1.01,7.32142857143
2013-09-07,71.5,0.595,7.02857142857
2013-09-08,71.9285714286,0.085,7.05714285714
2013-09-09,71.7857142857,0.005,7.97857142857
2013-09-10,73.4285714286,0.005,8.07857142857
2013-09-11,76.2142857143,0.005,9.12142857143
2013-09-12,77.8571428571,0.005,9.16428571429
2013-09-13,78.4285714286,0.035,9.17142857143
2013-09-14,76.6428571429,0.035,10.1
2013-09-15,74.2857142857,0.03,9.92857142857
2013-09-16,72.1428571429,0.475,8.97142857143
2013-09-17,68.9285714286,0.475,9.27857142857
2013-09-18,65.2857142857,0.475,8.62142857143
2013-09-19,63.5714285714,1.005,8.88571428571
2013-09-20,64.2142857143,1.395,8.98571428571
2013-09-21,65.2142857143,1.405,8.78571428571
2013-09-22,65.0,1.405,9.30714285714
2013-09-23,64.7857142857,0.96,9.57857142857
2013-09-24,64.6428571429,0.96,8.87142857143
2013-09-25,64.5,0.96,8.88571428571
2013-09-26,63.2142857143,0.43,8.47142857143
2013-09-27,61.3571428571,0.01,7.62857142857
2013-09-28,61.4285714286,0.0,7.09285714286
2013-09-29,63.0714285714,0.11,7.41428571429
2013-09-30,63.3571428571,0.29,7.47857142857
2013-10-01,63.9285714286,0.29,7.29285714286
2013-10-02,65.5,0.29,7.84285714286
2013-10-03,66.5714285714,0.29,7.94285714286
2013-10-04,67.4285714286,0.75,8.42857142857
2013-10-05,67.7857142857,0.75,8.25
2013-10-06,67.9285714286,1.39,7.57142857143
2013-10-07,67.2142857143,1.3,7.84285714286
2013-10-08,66.4285714286,1.3,8.34285714286
2013-10-09,65.0,1.3,7.40714285714
2013-10-10,63.6428571429,1.3,7.10714285714
2013-10-11,62.4285714286,0.84,6.54285714286
2013-10-12,61.7142857143,0.84,6.71428571429
2013-10-13,60.2142857143,0.155,6.82142857143
2013-10-14,60.2142857143,0.065,6.29285714286
2013-10-15,59.7142857143,0.065,6.2
2013-10-16,59.2142857143,0.145,6.89285714286
2013-10-17,57.8571428571,0.145,7.75
2013-10-18,55.9285714286,0.375,8.25714285714
2013-10-19,53.0714285714,0.375,8.45
2013-10-20,51.2142857143,0.32,8.70714285714
2013-10-21,50.6428571429,0.335,8.91428571429
2013-10-22,49.5,0.35,9.30714285714
2013-10-23,46.4285714286,0.285,8.67857142857
2013-10-24,44.7142857143,0.285,8.51428571429
2013-10-25,43.3571428571,0.055,8.94285714286
2013-10-26,42.5714285714,0.055,9.35
2013-10-27,42.2857142857,0.045,9.92142857143
2013-10-28,41.1428571429,0.03,9.83571428571
2013-10-29,41.0714285714,0.015,9.65
2013-10-30,43.0714285714,0.0,9.83571428571
2013-10-31,45.2857142857,0.855,9.44285714286
2014-05-01,47.7142857143,2.39,9.59285714286
2014-05-02,48.6428571429,2.48,9.90714285714
2014-05-03,49.1428571429,2.48,9.57857142857
2014-05-04,51.2857142857,2.48,10.6857142857
2014-05-05,52.4285714286,2.48,10.7857142857
2014-05-06,52.5,2.51,11.7
2014-05-07,52.2857142857,1.655,12.6785714286
2014-05-08,53.5714285714,0.12,12.3428571429
2014-05-09,57.7142857143,0.08,12.4214285714
2014-05-10,59.9285714286,1.31,13.0142857143
2014-05-11,60.7142857143,1.31,11.9357142857
2014-05-12,63.2857142857,1.575,11.7857142857
2014-05-13,66.7857142857,2.605,11.6142857143
2014-05-14,67.9285714286,2.735,11.3071428571
2014-05-15,65.9285714286,2.775,11.7571428571
2014-05-16,62.1428571429,2.95,11.6642857143
2014-05-17,58.8571428571,1.81,10.65
2014-05-18,57.0,1.81,10.8642857143
2014-05-19,55.2857142857,1.545,10.9142857143
2014-05-20,53.0714285714,0.485,10.9714285714
2014-05-21,55.0,1.085,10.9642857143
2014-05-22,58.7857142857,1.055,10.3142857143
2014-05-23,60.6428571429,0.83,9.39285714286
2014-05-24,63.0714285714,0.74,9.06428571429
2014-05-25,64.6428571429,0.74,8.57142857143
2014-05-26,66.0714285714,0.74,7.84285714286
2014-05-27,68.5,0.78,7.12142857143
2014-05-28,68.2142857143,0.405,6.88571428571
2014-05-29,66.5,0.75,7.1
2014-05-30,67.0714285714,0.75,7.41428571429
2014-05-31,68.1428571429,0.75,7.59285714286
2014-06-01,69.7857142857,0.75,7.99285714286
2014-06-02,71.2857142857,0.75,9.10714285714
2014-06-03,71.2857142857,0.88,10.1357142857
2014-06-04,71.6428571429,0.525,10.1785714286
2014-06-05,71.5,0.325,10.3071428571
2014-06-06,71.3571428571,0.325,9.95714285714
2014-06-07,71.2857142857,0.325,9.63571428571
2014-06-08,71.2142857143,0.425,9.59285714286
2014-06-09,68.9285714286,0.645,9.92857142857
2014-06-10,67.6428571429,0.475,8.99285714286
2014-06-11,65.9285714286,1.33,8.92857142857
2014-06-12,65.9285714286,1.45,8.42857142857
2014-06-13,66.7857142857,1.455,8.85714285714
2014-06-14,66.6428571429,1.455,9.34285714286
2014-06-15,65.9285714286,1.355,9.49285714286
2014-06-16,67.4285714286,1.135,9.52142857143
2014-06-17,69.0714285714,1.135,9.59285714286
2014-06-18,72.2142857143,0.28,10.1
2014-06-19,73.5,0.73,10.6428571429
2014-06-20,73.3571428571,1.08,10.3571428571
2014-06-21,74.7142857143,1.1,10.3571428571
2014-06-22,75.5,2.105,10.1357142857
2014-06-23,75.5,2.105,8.74285714286
2014-06-24,75.0,2.21,8.27857142857
2014-06-25,74.0714285714,2.99,7.12857142857
2014-06-26,73.7142857143,2.275,6.60714285714
2014-06-27,73.5714285714,1.92,6.47142857143
2014-06-28,73.6428571429,1.9,6.57857142857
2014-06-29,74.7142857143,0.975,7.29285714286
2014-06-30,75.4285714286,1.03,8.39285714286
2014-07-01,75.7142857143,3.255,9.41428571429
2014-07-02,75.2142857143,2.495,10.6
2014-07-03,74.3571428571,2.605,11.0142857143
2014-07-04,73.9285714286,2.665,11.0071428571
2014-07-05,73.0714285714,2.665,10.6857142857
2014-07-06,71.5714285714,2.59,10.2642857143
2014-07-07,71.2857142857,2.535,10.2
2014-07-08,71.7142857143,0.76,9.74285714286
2014-07-09,71.7857142857,1.25,9.6
2014-07-10,72.8571428571,1.13,9.25714285714
2014-07-11,73.5,1.07,8.97142857143
2014-07-12,73.8571428571,1.075,8.8
2014-07-13,74.6428571429,2.96,9.02857142857
2014-07-14,74.8571428571,2.985,8.63571428571
2014-07-15,73.6428571429,2.715,8.39285714286
2014-07-16,71.9285714286,2.255,8.1
2014-07-17,70.8571428571,2.255,8.1
2014-07-18,70.3571428571,2.255,8.15714285714
2014-07-19,70.2142857143,2.25,8.24285714286
2014-07-20,69.4285714286,0.36,7.37142857143
2014-07-21,68.7142857143,0.335,6.6
2014-07-22,69.3571428571,0.05,6.57857142857
2014-07-23,71.8571428571,0.1,6.85714285714
2014-07-24,72.4285714286,0.1,8.16428571429
2014-07-25,72.4285714286,0.1,8.62142857143
2014-07-26,71.8571428571,0.1,8.99285714286
2014-07-27,72.8571428571,0.1,9.32857142857
2014-07-28,73.4285714286,0.13,10.7785714286
2014-07-29,72.0714285714,0.13,11.3571428571
2014-07-30,70.5714285714,0.035,10.8428571429
2014-07-31,70.7857142857,0.035,9.38571428571
2014-08-01,71.6428571429,0.035,9.37857142857
2014-08-02,72.7142857143,0.215,9.08571428571
2014-08-03,72.2142857143,0.215,8.74285714286
2014-08-04,72.0714285714,0.185,7.61428571429
2014-08-05,73.5714285714,2.475,7.12142857143
2014-08-06,73.9285714286,2.505,6.68571428571
2014-08-07,74.2142857143,2.505,6.7
2014-08-08,74.2142857143,2.505,6.8
2014-08-09,74.2857142857,2.325,7.34285714286
2014-08-10,74.2857142857,2.325,8.11428571429
2014-08-11,74.2857142857,2.325,8.37142857143
2014-08-12,74.0,1.04,8.26428571429
2014-08-13,73.0714285714,1.12,9.1
2014-08-14,72.8571428571,1.12,9.43571428571
2014-08-15,71.8571428571,1.12,9.31428571429
2014-08-16,70.5714285714,1.12,8.62857142857
2014-08-17,70.4285714286,1.12,8.41428571429
2014-08-18,69.3571428571,1.12,8.42142857143
2014-08-19,69.2857142857,0.115,8.11428571429
2014-08-20,71.0714285714,0.11,8.04285714286
2014-08-21,72.0,0.11,7.95
2014-08-22,73.4285714286,1.245,7.57142857143
2014-08-23,75.4285714286,3.62,7.58571428571
2014-08-24,76.2142857143,4.04,7.03571428571
2014-08-25,77.8571428571,4.04,6.86428571429
2014-08-26,78.7857142857,4.435,7.09285714286
2014-08-27,78.6428571429,4.445,6.37857142857
2014-08-28,78.4285714286,4.445,6.23571428571
2014-08-29,77.9285714286,3.32,6.65
2014-08-30,77.9285714286,0.985,7.30714285714
2014-08-31,78.0,0.7,8.39285714286
2014-09-01,77.7142857143,0.7,8.36428571429
2014-09-02,77.2857142857,0.485,9.14285714286
2014-09-03,77.0,0.37,9.17142857143
2014-09-04,76.7857142857,0.37,9.14285714286
2014-09-05,77.7142857143,0.6,9.72857142857
2014-09-06,77.2857142857,1.025,9.83571428571
2014-09-07,75.8571428571,0.89,9.29285714286
2014-09-08,74.4285714286,0.89,8.90714285714
2014-09-09,72.9285714286,0.71,8.00714285714
2014-09-10,72.4285714286,0.715,8.25714285714
2014-09-11,71.7142857143,2.175,9.56428571429
2014-09-12,68.1428571429,1.935,9.25
2014-09-13,64.4285714286,1.585,9.33571428571
2014-09-14,61.8571428571,1.59,9.2
2014-09-15,60.0714285714,1.59,9.24285714286
2014-09-16,58.5714285714,1.59,9.18571428571
2014-09-17,56.3571428571,1.58,8.68571428571
2014-09-18,55.0714285714,0.12,6.89285714286
2014-09-19,56.2857142857,0.12,6.27142857143
2014-09-20,58.5,0.005,6.10714285714
2014-09-21,61.4285714286,0.12,6.65
2014-09-22,62.1428571429,0.12,7.8
2014-09-23,62.2142857143,0.12,7.82857142857
2014-09-24,63.0714285714,0.12,7.92857142857
2014-09-25,63.9285714286,0.12,8.22857142857
2014-09-26,64.5,0.12,7.75714285714
2014-09-27,64.6428571429,0.12,6.87857142857
2014-09-28,64.2857142857,0.0,5.9
2014-09-29,65.2857142857,0.0,4.53571428571
2014-09-30,66.9285714286,0.005,4.98571428571
2014-10-01,65.7142857143,0.005,5.69285714286
2014-10-02,65.0714285714,0.005,6.26428571429
2014-10-03,65.5,0.525,6.99285714286
2014-10-04,63.7857142857,1.39,8.58571428571
2014-10-05,60.0,1.445,9.92857142857
2014-10-06,57.1428571429,1.45,10.8714285714
2014-10-07,54.9285714286,1.455,10.9642857143
2014-10-08,55.4285714286,1.455,11.1642857143
2014-10-09,54.7142857143,1.455,11.4142857143
2014-10-10,52.6428571429,0.935,11.15
2014-10-11,51.9285714286,0.07,9.82142857143
2014-10-12,52.9285714286,0.015,8.52857142857
2014-10-13,53.7142857143,0.02,8.47857142857
2014-10-14,55.0714285714,0.55,8.38571428571
2014-10-15,55.3571428571,1.465,8.07142857143
2014-10-16,55.0714285714,1.525,7.86428571429
2014-10-17,55.0,1.525,8.12857142857
2014-10-18,55.7142857143,1.53,9.02142857143
2014-10-19,55.0714285714,1.545,9.64285714286
2014-10-20,54.0,1.535,9.51428571429
2014-10-21,53.0714285714,1.0,9.54285714286
2014-10-22,51.7142857143,0.085,9.84285714286
2014-10-23,50.7857142857,0.025,9.15
2014-10-24,50.1428571429,0.025,9.17857142857
2014-10-25,50.8571428571,0.02,8.15714285714
2014-10-26,53.4285714286,0.005,8.4
2014-10-27,54.6428571429,0.005,7.97142857143
2014-10-28,55.8571428571,0.01,8.55
2014-10-29,56.7857142857,0.025,9.06428571429
2014-10-30,56.2142857143,0.025,9.70714285714
2014-10-31,55.2857142857,0.025,9.40714285714
